Designator,Mid X,Mid Y,Rotation,Layer
H1,121.0,-40.0,0.0,top
H2,174.0,-40.0,0.0,top
H3,140.0,-144.0,0.0,top
H4,174.0,-144.0,0.0,top
H5,148.7,-55.0,0.0,top
J1,124.45,-80.0,90.0,top
J10,170.55,-115.0,270.0,top
J11,170.55,-100.0,270.0,top
J12,170.55,-85.0,270.0,top
J13,157.0,-140.55,180.0,top
J2,124.45,-70.0,90.0,top
J3,124.45,-60.0,90.0,top
J4,124.45,-49.999999,90.0,top
J5,135.999999,-43.45,0.0,top
J6,148.999999,-43.45,0.0,top
J7,161.949999,-43.45,0.0,top
J8,143.45,-126.0,90.0,top
J9,170.0,-55.0,270.0,top
R92,130.375,-78.0,180.0,top
R93,130.375,-68.0,180.0,top
R94,130.35,-58.0,180.0,top
R95,130.35,-47.999999,180.0,top
U2,158.95275,-100.075063,0.0,top
